[
  {
    "id": 1,
    "question": "Who led the Israelites out of slavery in Egypt?",
    "options": ["Joseph", "Abraham", "David", "Moses"],
    "correct_answer": "Moses"
  },
  {
    "id": 2,
    "question": "What was the name of the garden where Adam and Eve lived?",
    "options": ["Garden of Gethsemane", "Garden of Eden", "Garden of Delight", "Garden of Paradise"],
    "correct_answer": "Garden of Eden"
  },
  {
    "id": 3,
    "question": "Who built the ark before the great flood?",
    "options": ["Enoch", "Moses", "Noah", "Abraham"],
    "correct_answer": "Noah"
  },
  {
    "id": 4,
    "question": "Who was the first king of Israel?",
    "options": ["Samuel", "David", "Saul", "Solomon"],
    "correct_answer": "Saul"
  },
  {
    "id": 5,
    "question": "What fruit was Adam and Eve forbidden to eat?",
    "options": ["Fig", "Apple", "Pomegranate", "Grape"],
    "correct_answer": "Apple"
  },
  {
    "id": 6,
    "question": "Who was the mother of Jesus?",
    "options": ["Ruth", "Elizabeth", "Mary", "Martha"],
    "correct_answer": "Mary"
  },
  {
    "id": 7,
    "question": "Which disciple betrayed Jesus?",
    "options": ["Peter", "John", "Judas Iscariot", "Thomas"],
    "correct_answer": "Judas Iscariot"
  },
  {
    "id": 8,
    "question": "What was the name of the mountain where Moses received the Ten Commandments?",
    "options": ["Mount Zion", "Mount Sinai", "Mount Horeb", "Mount Carmel"],
    "correct_answer": "Mount Sinai"
  },
  {
    "id": 9,
    "question": "Who was the wife of Abraham?",
    "options": ["Leah", "Rebekah", "Rachel", "Sarah"],
    "correct_answer": "Sarah"
  },
  {
    "id": 10,
    "question": "Which book of the Bible is known for the story of creation?",
    "options": ["Exodus", "Numbers", "Genesis", "Leviticus"],
    "correct_answer": "Genesis"
  },
  {
    "id": 11,
    "question": "Who was swallowed by a large fish?",
    "options": ["Elijah", "Daniel", "Elisha", "Jonah"],
    "correct_answer": "Jonah"
  },
  {
    "id": 12,
    "question": "What was the name of the city where Jesus was born?",
    "options": ["Nazareth", "Jerusalem", "Bethlehem", "Capernaum"],
    "correct_answer": "Bethlehem"
  },
  {
    "id": 13,
    "question": "Who was the father of John the Baptist?",
    "options": ["Joseph", "Herod", "Eli", "Zechariah"],
    "correct_answer": "Zechariah"
  },
  {
    "id": 14,
    "question": "Which prophet was taken up to heaven in a whirlwind?",
    "options": ["Isaiah", "Jeremiah", "Elijah", "Elisha"],
    "correct_answer": "Elijah"
  },
  {
    "id": 15,
    "question": "What was the name of the king who had Daniel thrown into the lions' den?",
    "options": ["Cyrus", "Nebuchadnezzar", "Xerxes", "Darius"],
    "correct_answer": "Darius"
  },
  {
    "id": 16,
    "question": "Who wrote most of the New Testament letters?",
    "options": ["James", "Peter", "Paul", "John"],
    "correct_answer": "Paul"
  },
  {
    "id": 17,
    "question": "What was the name of the ark that carried the Ten Commandments?",
    "options": ["Ark of Noah", "Ark of Salvation", "Ark of Peace", "Ark of the Covenant"],
    "correct_answer": "Ark of the Covenant"
  },
  {
    "id": 18,
    "question": "Which river did Joshua part to lead the Israelites into the Promised Land?",
    "options": ["Euphrates", "Nile", "Jordan", "Tigris"],
    "correct_answer": "Jordan"
  },
  {
    "id": 19,
    "question": "Who was the first murderer in the Bible?",
    "options": ["Lamech", "Seth", "Cain", "Abel"],
    "correct_answer": "Cain"
  },
  {
    "id": 20,
    "question": "Who built the ark before the great flood?",
    "options": ["Abraham", "Enoch", "Moses", "Noah"],
    "correct_answer": "Noah"
  },
  {
    "id": 21,
    "question": "What was the name of the tower built to reach the heavens?",
    "options": ["Tower of Strength", "Tower of Babel", "Tower of David", "Tower of Zion"],
    "correct_answer": "Tower of Babel"
  },
  {
    "id": 22,
    "question": "Who was the judge who defeated the Midianites with only 300 men?",
    "options": ["Deborah", "Samson", "Gideon", "Jephthah"],
    "correct_answer": "Gideon"
  },
  {
    "id": 23,
    "question": "What was the name of the shepherd boy who killed Goliath?",
    "options": ["David", "Saul", "Jonathan", "Solomon"],
    "correct_answer": "David"
  },
  {
    "id": 24,
    "question": "Which book of the Bible contains the Sermon on the Mount?",
    "options": ["Luke", "Matthew", "John", "Mark"],
    "correct_answer": "Matthew"
  },
  {
    "id": 25,
    "question": "Who was the Roman governor who sentenced Jesus to death?",
    "options": ["Herod Antipas", "Felix", "Pontius Pilate", "Caiaphas"],
    "correct_answer": "Pontius Pilate"
  },
  {
    "id": 26,
    "question": "What was the name of the place where Jesus was crucified?",
    "options": ["Bethany", "Golgotha", "Mount Olive", "Calvary"],
    "correct_answer": "Golgotha"
  },
  {
    "id": 27,
    "question": "Who was the brother of Moses who helped him lead the Israelites?",
    "options": ["Joshua", "Aaron", "Caleb", "Miriam"],
    "correct_answer": "Aaron"
  },
  {
    "id": 28,
    "question": "What was the name of the queen who risked her life to save the Jews?",
    "options": ["Deborah", "Esther", "Rahab", "Ruth"],
    "correct_answer": "Esther"
  },
  {
    "id": 29,
    "question": "Which animal spoke to Balaam in the Bible?",
    "options": ["Horse", "Donkey", "Lion", "Snake"],
    "correct_answer": "Donkey"
  },
  {
    "id": 30,
    "question": "Who was the father of Isaac?",
    "options": ["Jacob", "Esau", "Abraham", "Isaac"],
    "correct_answer": "Abraham"
  },
  {
    "id": 31,
    "question": "What was the name of the city destroyed by fire and brimstone?",
    "options": ["Gomorrah", "Nineveh", "Sodom", "Jericho"],
    "correct_answer": "Sodom"
  },
  {
    "id": 32,
    "question": "Who was the first high priest of Israel?",
    "options": ["Samuel", "Levi", "Aaron", "Moses"],
    "correct_answer": "Aaron"
  },
  {
    "id": 33,
    "question": "What was the name of the man who wrestled with God?",
    "options": ["Judah", "Jacob", "Joseph", "Esau"],
    "correct_answer": "Jacob"
  },
  {
    "id": 34,
    "question": "Which book of the Bible tells the story of Job?",
    "options": ["Ecclesiastes", "Job", "Proverbs", "Psalms"],
    "correct_answer": "Job"
  },
  {
    "id": 35,
    "question": "Who was the prophet who anointed David as king?",
    "options": ["Elisha", "Samuel", "Nathan", "Elijah"],
    "correct_answer": "Samuel"
  },
  {
    "id": 36,
    "question": "What was the name of the disciple known as the 'doubting Thomas'?",
    "options": ["Andrew", "Bartholomew", "Philip", "Thomas"],
    "correct_answer": "Thomas"
  },
  {
    "id": 37,
    "question": "Which fruit did the spies bring back from the Promised Land?",
    "options": ["Dates", "Grapes", "Figs", "Olives"],
    "correct_answer": "Grapes"
  },
  {
    "id": 38,
    "question": "Who was the mother of Samuel?",
    "options": ["Abigail", "Michal", "Hannah", "Peninnah"],
    "correct_answer": "Hannah"
  },
  {
    "id": 39,
    "question": "What was the name of the valley where David fought Goliath?",
    "options": ["Valley of Achor", "Valley of Elah", "Valley of Siddim", "Valley of Jezreel"],
    "correct_answer": "Valley of Elah"
  },
  {
    "id": 40,
    "question": "Which book of the Bible is known for the Song of Solomon?",
    "options": ["Isaiah", "Ezekiel", "Song of Solomon", "Jeremiah"],
    "correct_answer": "Song of Solomon"
  },
  {
    "id": 41,
    "question": "Who was the king who built the first temple in Jerusalem?",
    "options": ["Hezekiah", "Rehoboam", "Solomon", "David"],
    "correct_answer": "Solomon"
  },
  {
    "id": 42,
    "question": "What was the name of the man who interpreted Nebuchadnezzar's dream?",
    "options": ["Ezekiel", "Daniel", "Moses", "Joseph"],
    "correct_answer": "Daniel"
  },
  {
    "id": 43,
    "question": "Which river was John the Baptist baptizing in?",
    "options": ["Tigris", "Euphrates", "Nile", "Jordan"],
    "correct_answer": "Jordan"
  },
  {
    "id": 44,
    "question": "Who was the father of Jacob and Esau?",
    "options": ["Judah", "Abraham", "Isaac", "Jacob"],
    "correct_answer": "Isaac"
  },
  {
    "id": 45,
    "question": "What was the name of the mountain where Jesus was transfigured?",
    "options": ["Mount Sinai", "Mount of Olives", "Mount Tabor", "Mount Hermon"],
    "correct_answer": "Mount Tabor"
  },
  {
    "id": 46,
    "question": "Who was the woman who helped the Israelite spies in Jericho?",
    "options": ["Deborah", "Naomi", "Ruth", "Rahab"],
    "correct_answer": "Rahab"
  },
  {
    "id": 47,
    "question": "What was the name of the disciple who denied Jesus three times?",
    "options": ["Andrew", "Judas", "Peter", "John"],
    "correct_answer": "Peter"
  },
  {
    "id": 48,
    "question": "Which book of the Bible contains the Beatitudes?",
    "options": ["John", "Luke", "Mark", "Matthew"],
    "correct_answer": "Matthew"
  },
  {
    "id": 49,
    "question": "Who was the prophet who predicted the birth of Jesus?",
    "options": ["Daniel", "Ezekiel", "Isaiah", "Jeremiah"],
    "correct_answer": "Isaiah"
  },
  {
    "id": 50,
    "question": "What was the name of the man who was thrown into a den of lions?",
    "options": ["Meshach", "Abednego", "Shadrach", "Daniel"],
    "correct_answer": "Daniel"
  },
  {
    "id": 51,
    "question": "Which animal carried Jesus into Jerusalem?",
    "options": ["Horse", "Donkey", "Ox", "Camel"],
    "correct_answer": "Donkey"
  },
  {
    "id": 52,
    "question": "Who was the first martyr of the Christian church?",
    "options": ["Philip", "Barnabas", "James", "Stephen"],
    "correct_answer": "Stephen"
  },
  {
    "id": 53,
    "question": "What was the name of the sea that parted for the Israelites?",
    "options": ["Dead Sea", "Sea of Galilee", "Red Sea", "Mediterranean Sea"],
    "correct_answer": "Red Sea"
  },
  {
    "id": 54,
    "question": "Who was the wife of Isaac?",
    "options": ["Rachel", "Leah", "Sarah", "Rebekah"],
    "correct_answer": "Rebekah"
  },
  {
    "id": 55,
    "question": "Which book of the Bible tells the story of Esther?",
    "options": ["Samuel", "Judges", "Ruth", "Esther"],
    "correct_answer": "Esther"
  },
  {
    "id": 56,
    "question": "Who was the king who had a dream about a statue?",
    "options": ["Xerxes", "Cyrus", "Darius", "Nebuchadnezzar"],
    "correct_answer": "Nebuchadnezzar"
  },
  {
    "id": 57,
    "question": "What was the name of the place where Jesus ascended into heaven?",
    "options": ["Mount Hermon", "Mount Sinai", "Mount Tabor", "Mount of Olives"],
    "correct_answer": "Mount of Olives"
  },
  {
    "id": 58,
    "question": "Who was the father of Solomon?",
    "options": ["Rehoboam", "David", "Saul", "Solomon"],
    "correct_answer": "David"
  },
  {
    "id": 59,
    "question": "Which book of the Bible contains the story of Samson?",
    "options": ["Ruth", "Samuel", "Joshua", "Judges"],
    "correct_answer": "Judges"
  },
  {
    "id": 60,
    "question": "What was the name of the man who was sold into slavery by his brothers?",
    "options": ["Judah", "Joseph", "Levi", "Benjamin"],
    "correct_answer": "Joseph"
  },
  {
    "id": 61,
    "question": "Which prophet was fed by ravens?",
    "options": ["Isaiah", "Elijah", "Jeremiah", "Elisha"],
    "correct_answer": "Elijah"
  },
  {
    "id": 62,
    "question": "What was the name of the city where Paul was shipwrecked?",
    "options": ["Crete", "Cyprus", "Rhodes", "Malta"],
    "correct_answer": "Malta"
  },
  {
    "id": 63,
    "question": "Who was the mother of John the Baptist?",
    "options": ["Anna", "Mary", "Elizabeth", "Salome"],
    "correct_answer": "Elizabeth"
  },
  {
    "id": 64,
    "question": "What was the name of the man who built the tabernacle?",
    "options": ["Moses", "Aaron", "Bezalel", "Oholiab"],
    "correct_answer": "Bezalel"
  },
  {
    "id": 65,
    "question": "Which book of the Bible tells the story of Ruth?",
    "options": ["Samuel", "Judges", "Ruth", "Kings"],
    "correct_answer": "Ruth"
  },
  {
    "id": 66,
    "question": "Who was the king who had a son named Absalom?",
    "options": ["Rehoboam", "David", "Solomon", "Saul"],
    "correct_answer": "David"
  },
  {
    "id": 67,
    "question": "What was the name of the mountain where Abraham was to sacrifice Isaac?",
    "options": ["Mount Zion", "Mount Moriah", "Mount Horeb", "Mount Sinai"],
    "correct_answer": "Mount Moriah"
  },
  {
    "id": 68,
    "question": "Which disciple was a tax collector?",
    "options": ["Bartholomew", "Philip", "Thomas", "Matthew"],
    "correct_answer": "Matthew"
  },
  {
    "id": 69,
    "question": "What was the name of the pool where Jesus healed a blind man?",
    "options": ["Pool of Hebron", "Pool of Siloam", "Pool of Samaria", "Pool of Bethesda"],
    "correct_answer": "Pool of Siloam"
  },
  {
    "id": 70,
    "question": "Who was the woman who anointed Jesus' feet with perfume?",
    "options": ["Mary of Bethany", "Mary Magdalene", "Salome", "Martha"],
    "correct_answer": "Mary of Bethany"
  },
  {
    "id": 71,
    "question": "Which book of the Bible contains the story of Jonah?",
    "options": ["Micah", "Obadiah", "Jonah", "Nahum"],
    "correct_answer": "Jonah"
  },
  {
    "id": 72,
    "question": "Who was the king who had a wife named Jezebel?",
    "options": ["Joram", "Ahab", "Ahaziah", "Jehu"],
    "correct_answer": "Ahab"
  },
  {
    "id": 73,
    "question": "What was the name of the man who interpreted the handwriting on the wall?",
    "options": ["Jeremiah", "Ezekiel", "Joseph", "Daniel"],
    "correct_answer": "Daniel"
  },
  {
    "id": 74,
    "question": "Which river did Naaman wash in to be healed of leprosy?",
    "options": ["Tigris", "Nile", "Jordan", "Euphrates"],
    "correct_answer": "Jordan"
  },
  {
    "id": 75,
    "question": "Who was the prophet who was taken to heaven without dying?",
    "options": ["Abraham", "Moses", "Enoch", "Elijah"],
    "correct_answer": "Enoch"
  },
  {
    "id": 76,
    "question": "What was the name of the city where Jesus turned water into wine?",
    "options": ["Jericho", "Bethany", "Capernaum", "Cana"],
    "correct_answer": "Cana"
  },
  {
    "id": 77,
    "question": "Who was the father of Absalom?",
    "options": ["Solomon", "Rehoboam", "David", "Saul"],
    "correct_answer": "David"
  },
  {
    "id": 78,
    "question": "Which book of the Bible contains the story of David and Goliath?",
    "options": ["2 Kings", "1 Samuel", "2 Samuel", "1 Kings"],
    "correct_answer": "1 Samuel"
  },
  {
    "id": 79,
    "question": "What was the name of the man who was stoned for blasphemy?",
    "options": ["Barnabas", "Paul", "James", "Stephen"],
    "correct_answer": "Stephen"
  },
  {
    "id": 80,
    "question": "Who was the woman who married Boaz?",
    "options": ["Orpah", "Naomi", "Rahab", "Ruth"],
    "correct_answer": "Ruth"
  },
  {
    "id": 81,
    "question": "Which book of the Bible contains the story of the Good Samaritan?",
    "options": ["Mark", "John", "Luke", "Matthew"],
    "correct_answer": "Luke"
  },
  {
    "id": 82,
    "question": "What was the name of the man who was thrown into a fiery furnace?",
    "options": ["Meshach", "Daniel", "Abednego", "Shadrach"],
    "correct_answer": "Shadrach"
  },
  {
    "id": 83,
    "question": "Who was the king who had a dream about seven fat and seven lean cows?",
    "options": ["Cyrus", "Pharaoh", "Darius", "Nebuchadnezzar"],
    "correct_answer": "Pharaoh"
  },
  {
    "id": 84,
    "question": "What was the name of the man who led the rebuilding of Jerusalem's walls?",
    "options": ["Zerubbabel", "Nehemiah", "Haggai", "Ezra"],
    "correct_answer": "Nehemiah"
  },
  {
    "id": 85,
    "question": "Which disciple was a fisherman?",
    "options": ["Thomas", "Judas", "Peter", "John"],
    "correct_answer": "Peter"
  },
  {
    "id": 86,
    "question": "What was the name of the man who was healed of blindness by Jesus with mud?",
    "options": ["Simon", "Bartimaeus", "Zacchaeus", "Lazarus"],
    "correct_answer": "Bartimaeus"
  },
  {
    "id": 87,
    "question": "Which book of the Bible contains the story of the Prodigal Son?",
    "options": ["John", "Mark", "Luke", "Matthew"],
    "correct_answer": "Luke"
  },
  {
    "id": 88,
    "question": "Who was the king who had a son named Solomon?",
    "options": ["Rehoboam", "Jeroboam", "David", "Saul"],
    "correct_answer": "David"
  },
  {
    "id": 89,
    "question": "What was the name of the man who was raised from the dead by Jesus?",
    "options": ["Eutychus", "Jairus", "Dorcas", "Lazarus"],
    "correct_answer": "Lazarus"
  },
  {
    "id": 90,
    "question": "Which prophet was thrown into a cistern?",
    "options": ["Daniel", "Jeremiah", "Ezekiel", "Isaiah"],
    "correct_answer": "Jeremiah"
  },
  {
    "id": 91,
    "question": "What was the name of the city where Jesus fed the 5,000?",
    "options": ["Nazareth", "Jerusalem", "Bethsaida", "Capernaum"],
    "correct_answer": "Bethsaida"
  },
  {
    "id": 92,
    "question": "Who was the woman who was the first to announce Jesus' resurrection?",
    "options": ["Joanna", "Mary the Mother of James", "Mary Magdalene", "Salome"],
    "correct_answer": "Mary Magdalene"
  },
  {
    "id": 93,
    "question": "Which book of the Bible contains the story of the Ten Plagues?",
    "options": ["Numbers", "Leviticus", "Genesis", "Exodus"],
    "correct_answer": "Exodus"
  },
  {
    "id": 94,
    "question": "Who was the king who had a daughter named Tamar?",
    "options": ["Rehoboam", "Solomon", "David", "Saul"],
    "correct_answer": "David"
  },
  {
    "id": 95,
    "question": "What was the name of the man who was healed of paralysis by Jesus?",
    "options": ["Zacchaeus", "The Paralytic at Capernaum", "Bartimaeus", "Lazarus"],
    "correct_answer": "The Paralytic at Capernaum"
  },
  {
    "id": 96,
    "question": "Which prophet saw a vision of a wheel within a wheel?",
    "options": ["Jeremiah", "Isaiah", "Ezekiel", "Daniel"],
    "correct_answer": "Ezekiel"
  },
  {
    "id": 97,
    "question": "What was the name of the man who was stoned for preaching?",
    "options": ["Peter", "Paul", "James", "Stephen"],
    "correct_answer": "Stephen"
  },
  {
    "id": 98,
    "question": "Who was the woman who was turned into a pillar of salt?",
    "options": ["Rachel", "Rebekah", "Lot's Wife", "Sarah"],
    "correct_answer": "Lot's Wife"
  },
  {
    "id": 99,
    "question": "Which book of the Bible contains the story of the Golden Calf?",
    "options": ["Numbers", "Deuteronomy", "Leviticus", "Exodus"],
    "correct_answer": "Exodus"
  },
  {
    "id": 100,
    "question": "Who was the king who had a dream about a tree being cut down?",
    "options": ["Xerxes", "Cyrus", "Darius", "Nebuchadnezzar"],
    "correct_answer": "Nebuchadnezzar"
  },
  {
    "id": 101,
    "question": "What was the name of the man who was bitten by a snake and lived?",
    "options": ["James", "John", "Paul", "Peter"],
    "correct_answer": "Paul"
  },
  {
    "id": 102,
    "question": "Which prophet was fed by a widow during a famine?",
    "options": ["Isaiah", "Jeremiah", "Elijah", "Elisha"],
    "correct_answer": "Elijah"
  },
  {
    "id": 103,
    "question": "What was the name of the city where Jesus raised Jairus' daughter?",
    "options": ["Nazareth", "Jericho", "Bethsaida", "Capernaum"],
    "correct_answer": "Capernaum"
  },
  {
    "id": 104,
    "question": "Who was the father of Reuben?",
    "options": ["Judah", "Abraham", "Isaac", "Jacob"],
    "correct_answer": "Jacob"
  },
  {
    "id": 105,
    "question": "Which book of the Bible contains the story of the Passover?",
    "options": ["Numbers", "Leviticus", "Genesis", "Exodus"],
    "correct_answer": "Exodus"
  },
  {
    "id": 106,
    "question": "Who was the king who had a son named Rehoboam?",
    "options": ["Jeroboam", "David", "Saul", "Solomon"],
    "correct_answer": "Solomon"
  },
  {
    "id": 107,
    "question": "What was the name of the man who was healed of a withered hand by Jesus?",
    "options": ["Bartimaeus", "The Man with the Withered Hand", "Zacchaeus", "Lazarus"],
    "correct_answer": "The Man with the Withered Hand"
  },
  {
    "id": 108,
    "question": "Which prophet was called by God from a burning bush?",
    "options": ["Caleb", "Joshua", "Aaron", "Moses"],
    "correct_answer": "Moses"
  },
  {
    "id": 109,
    "question": "What was the name of the man who was blinded on the road to Damascus?",
    "options": ["Peter", "Paul", "James", "John"],
    "correct_answer": "Paul"
  },
  {
    "id": 110,
    "question": "Who was the woman who was the mother of Esau?",
    "options": ["Rachel", "Leah", "Sarah", "Rebekah"],
    "correct_answer": "Rebekah"
  },
  {
    "id": 111,
    "question": "Which book of the Bible contains the story of the Fall of Jericho?",
    "options": ["Samuel", "Ruth", "Judges", "Joshua"],
    "correct_answer": "Joshua"
  },
  {
    "id": 112,
    "question": "What was the name of the man who was the keeper of the prison where Paul and Silas were held?",
    "options": ["The Captain", "The Roman Guard", "The Philippian Jailer", "The Centurion"],
    "correct_answer": "The Philippian Jailer"
  },
  {
    "id": 113,
    "question": "Which prophet was thrown into a lion's den?",
    "options": ["Abednego", "Meshach", "Shadrach", "Daniel"],
    "correct_answer": "Daniel"
  },
  {
    "id": 114,
    "question": "What was the name of the city where Jesus calmed the storm?",
    "options": ["Bethsaida", "Jericho", "Galilee", "Capernaum"],
    "correct_answer": "Galilee"
  },
  {
    "id": 115,
    "question": "Who was the father of Ishmael?",
    "options": ["Esau", "Jacob", "Isaac", "Abraham"],
    "correct_answer": "Abraham"
  },
  {
    "id": 116,
    "question": "Which book of the Bible contains the story of the Bronze Serpent?",
    "options": ["Deuteronomy", "Leviticus", "Exodus", "Numbers"],
    "correct_answer": "Numbers"
  },
  {
    "id": 117,
    "question": "What was the name of the man who was the high priest when Jesus was crucified?",
    "options": ["Pilate", "Herod", "Annas", "Caiaphas"],
    "correct_answer": "Caiaphas"
  },
  {
    "id": 118,
    "question": "Who was the woman who was the mother of Moses?",
    "options": ["Pharaoh's Daughter", "Zipporah", "Miriam", "Jochebed"],
    "correct_answer": "Jochebed"
  },
  {
    "id": 119,
    "question": "Which book of the Bible contains the story of the Fiery Furnace?",
    "options": ["Numbers", "Leviticus", "Exodus", "Daniel"],
    "correct_answer": "Daniel"
  },
  {
    "id": 120,
    "question": "What was the name of the man who was the governor of Judea when Jesus was born?",
    "options": ["Herod the Great", "Pontius Pilate", "Felix", "Quirinius"],
    "correct_answer": "Quirinius"
  },
  {
    "id": 121,
    "question": "Who was the prophet who saw a vision of dry bones?",
    "options": ["Jeremiah", "Isaiah", "Ezekiel", "Daniel"],
    "correct_answer": "Ezekiel"
  },
  {
    "id": 122,
    "question": "What was the name of the city where Jesus was presented in the temple?",
    "options": ["Nazareth", "Capernaum", "Jerusalem", "Bethlehem"],
    "correct_answer": "Jerusalem"
  },
  {
    "id": 123,
    "question": "Who was the father of Levi?",
    "options": ["Judah", "Abraham", "Isaac", "Jacob"],
    "correct_answer": "Jacob"
  },
  {
    "id": 124,
    "question": "Which book of the Bible contains the story of the Manna from Heaven?",
    "options": ["Numbers", "Exodus", "Deuteronomy", "Leviticus"],
    "correct_answer": "Exodus"
  },
  {
    "id": 125,
    "question": "What was the name of the man who was the first Christian martyr?",
    "options": ["James", "Stephen", "Peter", "Paul"],
    "correct_answer": "Stephen"
  },
  {
    "id": 126,
    "question": "Who was the woman who was the mother of Jacob?",
    "options": ["Leah", "Sarah", "Rebekah", "Rachel"],
    "correct_answer": "Rebekah"
  },
  {
    "id": 127,
    "question": "Which book of the Bible contains the story of the Ark of Noah?",
    "options": ["Numbers", "Genesis", "Leviticus", "Exodus"],
    "correct_answer": "Genesis"
  },
  {
    "id": 128,
    "question": "What was the name of the man who was the tax collector who climbed a sycamore tree?",
    "options": ["Levi", "Bartimaeus", "Zacchaeus", "Matthew"],
    "correct_answer": "Zacchaeus"
  },
  {
    "id": 129,
    "question": "Who was the prophet who was taken to heaven in a chariot of fire?",
    "options": ["Isaiah", "Elijah", "Jeremiah", "Elisha"],
    "correct_answer": "Elijah"
  },
  {
    "id": 130,
    "question": "What was the name of the city where Jesus healed the demon-possessed man?",
    "options": ["Bethsaida", "Gadara", "Jericho", "Capernaum"],
    "correct_answer": "Gadara"
  },
  {
    "id": 131,
    "question": "Who was the father of Judah?",
    "options": ["Esau", "Abraham", "Isaac", "Jacob"],
    "correct_answer": "Jacob"
  },
  {
    "id": 132,
    "question": "Which book of the Bible contains the story of the Plagues of Egypt?",
    "options": ["Numbers", "Exodus", "Leviticus", "Genesis"],
    "correct_answer": "Exodus"
  },
  {
    "id": 133,
    "question": "What was the name of the man who was the centurion whose servant Jesus healed?",
    "options": ["The Centurion at Jerusalem", "The Centurion at Capernaum", "The Centurion at Antioch", "The Centurion at Caesarea"],
    "correct_answer": "The Centurion at Capernaum"
  },
  {
    "id": 134,
    "question": "Who was the woman who was the mother of Esau and Jacob?",
    "options": ["Leah", "Rachel", "Rebekah", "Sarah"],
    "correct_answer": "Rebekah"
  },
  {
    "id": 135,
    "question": "Which book of the Bible contains the story of the Crossing of the Red Sea?",
    "options": ["Genesis", "Numbers", "Exodus", "Leviticus"],
    "correct_answer": "Exodus"
  },
  {
    "id": 136,
    "question": "What was the name of the man who was the father of John the Evangelist?",
    "options": ["Joseph", "Cleopas", "Zebedee", "Alphaeus"],
    "correct_answer": "Zebedee"
  },
  {
    "id": 137,
    "question": "Who was the prophet who saw a vision of the valley of dry bones?",
    "options": ["Daniel", "Ezekiel", "Jeremiah", "Isaiah"],
    "correct_answer": "Ezekiel"
  },
  {
    "id": 138,
    "question": "What was the name of the city where Jesus was betrayed?",
    "options": ["Bethlehem", "Nazareth", "Capernaum", "Jerusalem"],
    "correct_answer": "Jerusalem"
  },
  {
    "id": 139,
    "question": "Who was the father of Simeon?",
    "options": ["Judah", "Jacob", "Abraham", "Isaac"],
    "correct_answer": "Jacob"
  },
  {
    "id": 140,
    "question": "Which book of the Bible contains the story of the Battle of Jericho?",
    "options": ["Samuel", "Ruth", "Joshua", "Judges"],
    "correct_answer": "Joshua"
  },
  {
    "id": 141,
    "question": "What was the name of the man who was the father of James the Less?",
    "options": ["Joseph", "Cleopas", "Zebedee", "Alphaeus"],
    "correct_answer": "Alphaeus"
  },
  {
    "id": 142,
    "question": "Who was the woman who was the mother of Isaac?",
    "options": ["Rachel", "Leah", "Sarah", "Rebekah"],
    "correct_answer": "Sarah"
  },
  {
    "id": 143,
    "question": "Which book of the Bible contains the story of the Giving of the Law?",
    "options": ["Numbers", "Exodus", "Leviticus", "Genesis"],
    "correct_answer": "Exodus"
  },
  {
    "id": 144,
    "question": "What was the name of the man who was the father of Andrew?",
    "options": ["Zebedee", "Jonah", "Joseph", "Cleopas"],
    "correct_answer": "Jonah"
  },
  {
    "id": 145,
    "question": "Who was the prophet who saw a vision of the throne of God?",
    "options": ["Daniel", "Isaiah", "Jeremiah", "Ezekiel"],
    "correct_answer": "Isaiah"
  },
  {
    "id": 146,
    "question": "What was the name of the city where Jesus was arrested?",
    "options": ["Nazareth", "Capernaum", "Bethlehem", "Jerusalem"],
    "correct_answer": "Jerusalem"
  },
  {
    "id": 147,
    "question": "Who was the father of Benjamin?",
    "options": ["Judah", "Abraham", "Isaac", "Jacob"],
    "correct_answer": "Jacob"
  },
  {
    "id": 148,
    "question": "Which book of the Bible contains the story of the Tabernacle?",
    "options": ["Numbers", "Deuteronomy", "Exodus", "Leviticus"],
    "correct_answer": "Exodus"
  },
  {
    "id": 149,
    "question": "What was the name of the man who was the father of Thomas?",
    "options": ["Cleopas", "Joseph", "Zebedee", "Nathanael"],
    "correct_answer": "Nathanael"
  },
  {
    "id": 150,
    "question": "Who was the woman who was the mother of Joseph?",
    "options": ["Sarah", "Rebekah", "Rachel", "Leah"],
    "correct_answer": "Rachel"
  },
  {
    "id": 151,
    "question": "Which book of the Bible contains the story of the Census of Israel?",
    "options": ["Numbers", "Deuteronomy", "Leviticus", "Exodus"],
    "correct_answer": "Numbers"
  },
  {
    "id": 152,
    "question": "What was the name of the man who was the father of Philip?",
    "options": ["Cleopas", "Zebedee", "Herod", "Joseph"],
    "correct_answer": "Herod"
  },
  {
    "id": 153,
    "question": "Who was the prophet who saw a vision of the four horsemen?",
    "options": ["Ezekiel", "Daniel", "John", "Jeremiah"],
    "correct_answer": "John"
  },
  {
    "id": 154,
    "question": "What was the name of the city where Jesus was baptized?",
    "options": ["Jericho", "Bethsaida", "Bethany beyond Jordan", "Capernaum"],
    "correct_answer": "Bethany beyond Jordan"
  },
  {
    "id": 155,
    "question": "Who was the father of Dan?",
    "options": ["Judah", "Isaac", "Jacob", "Abraham"],
    "correct_answer": "Jacob"
  },
  {
    "id": 156,
    "question": "Which book of the Bible contains the story of the Spies in Canaan?",
    "options": ["Numbers", "Deuteronomy", "Exodus", "Leviticus"],
    "correct_answer": "Numbers"
  },
  {
    "id": 157,
    "question": "What was the name of the man who was the father of Bartholomew?",
    "options": ["Zebedee", "Joseph", "Cleopas", "Nathanael"],
    "correct_answer": "Nathanael"
  },
  {
    "id": 158,
    "question": "Who was the woman who was the mother of Benjamin?",
    "options": ["Rebekah", "Sarah", "Rachel", "Leah"],
    "correct_answer": "Rachel"
  },
  {
    "id": 159,
    "question": "Which book of the Bible contains the story of the Rebellion of Korah?",
    "options": ["Numbers", "Deuteronomy", "Leviticus", "Exodus"],
    "correct_answer": "Numbers"
  },
  {
    "id": 160,
    "question": "What was the name of the man who was the father of Matthew?",
    "options": ["Zebedee", "Alphaeus", "Cleopas", "Joseph"],
    "correct_answer": "Alphaeus"
  },
  {
    "id": 161,
    "question": "Who was the prophet who saw a vision of the new Jerusalem?",
    "options": ["Ezekiel", "Daniel", "John", "Jeremiah"],
    "correct_answer": "John"
  },
  {
    "id": 162,
    "question": "What was the name of the city where Jesus healed the ten lepers?",
    "options": ["Bethsaida", "Jericho", "Samaria", "Capernaum"],
    "correct_answer": "Samaria"
  },
  {
    "id": 163,
    "question": "Who was the father of Naphtali?",
    "options": ["Judah", "Abraham", "Isaac", "Jacob"],
    "correct_answer": "Jacob"
  },
  {
    "id": 164,
    "question": "Which book of the Bible contains the story of the Water from the Rock?",
    "options": ["Numbers", "Exodus", "Deuteronomy", "Leviticus"],
    "correct_answer": "Exodus"
  },
  {
    "id": 165,
    "question": "What was the name of the man who was the father of Thaddeus?",
    "options": ["Joseph", "Cleopas", "Alphaeus", "Zebedee"],
    "correct_answer": "Cleopas"
  },
  {
    "id": 166,
    "question": "Who was the woman who was the mother of Judah?",
    "options": ["Rebekah", "Leah", "Sarah", "Rachel"],
    "correct_answer": "Leah"
  },
  {
    "id": 167,
    "question": "Which book of the Bible contains the story of the Quail and Manna?",
    "options": ["Leviticus", "Numbers", "Deuteronomy", "Exodus"],
    "correct_answer": "Numbers"
  },
  {
    "id": 168,
    "question": "What was the name of the man who was the father of Simon the Zealot?",
    "options": ["Zebedee", "Jonas", "Cleopas", "Joseph"],
    "correct_answer": "Jonas"
  },
  {
    "id": 169,
    "question": "Who was the prophet who saw a vision of the son of man?",
    "options": ["Isaiah", "Daniel", "Jeremiah", "Ezekiel"],
    "correct_answer": "Daniel"
  },
  {
    "id": 170,
    "question": "What was the name of the city where Jesus raised the widow's son?",
    "options": ["Jericho", "Bethsaida", "Nain", "Capernaum"],
    "correct_answer": "Nain"
  },
  {
    "id": 171,
    "question": "Who was the father of Gad?",
    "options": ["Isaac", "Jacob", "Judah", "Abraham"],
    "correct_answer": "Jacob"
  },
  {
    "id": 172,
    "question": "Which book of the Bible contains the story of the Bronze Altar?",
    "options": ["Numbers", "Exodus", "Deuteronomy", "Leviticus"],
    "correct_answer": "Exodus"
  },
  {
    "id": 173,
    "question": "What was the name of the man who was the father of James the Greater?",
    "options": ["Cleopas", "Zebedee", "Joseph", "Alphaeus"],
    "correct_answer": "Zebedee"
  },
  {
    "id": 174,
    "question": "Who was the woman who was the mother of Issachar?",
    "options": ["Rachel", "Sarah", "Leah", "Rebekah"],
    "correct_answer": "Leah"
  },
  {
    "id": 175,
    "question": "Which book of the Bible contains the story of the Spies' Report?",
    "options": ["Exodus", "Numbers", "Leviticus", "Deuteronomy"],
    "correct_answer": "Numbers"
  },
  {
    "id": 176,
    "question": "What was the name of the man who was the father of Judas Iscariot?",
    "options": ["Cleopas", "Simon", "Zebedee", "Joseph"],
    "correct_answer": "Simon"
  },
  {
    "id": 177,
    "question": "Who was the prophet who saw a vision of the four living creatures?",
    "options": ["Jeremiah", "Ezekiel", "Isaiah", "Daniel"],
    "correct_answer": "Ezekiel"
  },
  {
    "id": 178,
    "question": "What was the name of the city where Jesus healed the Syrophoenician woman's daughter?",
    "options": ["Bethsaida", "Tyre", "Jericho", "Capernaum"],
    "correct_answer": "Tyre"
  },
  {
    "id": 179,
    "question": "Who was the father of Asher?",
    "options": ["Abraham", "Isaac", "Jacob", "Judah"],
    "correct_answer": "Jacob"
  },
  {
    "id": 180,
    "question": "Which book of the Bible contains the story of the Priestly Garments?",
    "options": ["Numbers", "Exodus", "Deuteronomy", "Leviticus"],
    "correct_answer": "Exodus"
  },
  {
    "id": 181,
    "question": "What was the name of the man who was the father of John the Baptist?",
    "options": ["Eli", "Herod", "Zechariah", "Joseph"],
    "correct_answer": "Zechariah"
  },
  {
    "id": 182,
    "question": "Who was the woman who was the mother of Zebulun?",
    "options": ["Rebekah", "Leah", "Sarah", "Rachel"],
    "correct_answer": "Leah"
  },
  {
    "id": 183,
    "question": "Which book of the Bible contains the story of the Nazirite Vow?",
    "options": ["Exodus", "Numbers", "Deuteronomy", "Leviticus"],
    "correct_answer": "Numbers"
  },
  {
    "id": 184,
    "question": "What was the name of the man who was the father of Peter?",
    "options": ["Joseph", "Jonas", "Cleopas", "Zebedee"],
    "correct_answer": "Jonas"
  },
  {
    "id": 185,
    "question": "Who was the prophet who saw a vision of the lamb on the throne?",
    "options": ["Jeremiah", "John", "Ezekiel", "Daniel"],
    "correct_answer": "John"
  },
  {
    "id": 186,
    "question": "What was the name of the city where Jesus healed the man with the withered hand?",
    "options": ["Nazareth", "Jericho", "Bethsaida", "Capernaum"],
    "correct_answer": "Capernaum"
  },
  {
    "id": 187,
    "question": "Who was the father of Joseph?",
    "options": ["Judah", "Isaac", "Jacob", "Abraham"],
    "correct_answer": "Jacob"
  },
  {
    "id": 188,
    "question": "Which book of the Bible contains the story of the Ark of the Testimony?",
    "options": ["Numbers", "Exodus", "Deuteronomy", "Leviticus"],
    "correct_answer": "Exodus"
  },
  {
    "id": 189,
    "question": "What was the name of the man who was the father of Andrew and Peter?",
    "options": ["Zebedee", "Joseph", "Jonas", "Cleopas"],
    "correct_answer": "Jonas"
  },
  {
    "id": 190,
    "question": "Who was the woman who was the mother of Dinah?",
    "options": ["Rachel", "Sarah", "Leah", "Rebekah"],
    "correct_answer": "Leah"
  },
  {
    "id": 191,
    "question": "Which book of the Bible contains the story of the Red Heifer?",
    "options": ["Numbers", "Deuteronomy", "Leviticus", "Exodus"],
    "correct_answer": "Numbers"
  },
  {
    "id": 192,
    "question": "What was the name of the man who was the father of James and John?",
    "options": ["Joseph", "Zebedee", "Cleopas", "Alphaeus"],
    "correct_answer": "Zebedee"
  },
  {
    "id": 193,
    "question": "Who was the prophet who saw a vision of the measuring line?",
    "options": ["Jeremiah", "Zechariah", "Ezekiel", "Daniel"],
    "correct_answer": "Zechariah"
  },
  {
    "id": 194,
    "question": "What was the name of the city where Jesus healed the deaf mute?",
    "options": ["Decapolis", "Jericho", "Bethsaida", "Capernaum"],
    "correct_answer": "Decapolis"
  },
  {
    "id": 195,
    "question": "Who was the father of Issachar?",
    "options": ["Judah", "Abraham", "Isaac", "Jacob"],
    "correct_answer": "Jacob"
  },
  {
    "id": 196,
    "question": "Which book of the Bible contains the story of the Cities of Refuge?",
    "options": ["Numbers", "Exodus", "Deuteronomy", "Leviticus"],
    "correct_answer": "Numbers"
  },
  {
    "id": 197,
    "question": "What was the name of the man who was the father of Judas (not Iscariot)?",
    "options": ["Cleopas", "Zebedee", "James", "Joseph"],
    "correct_answer": "James"
  },
  {
    "id": 198,
    "question": "Who was the woman who was the mother of Ephraim?",
    "options": ["Rachel", "Rebekah", "Asenath", "Leah"],
    "correct_answer": "Asenath"
  },
  {
    "id": 199,
    "question": "Which book of the Bible contains the story of the Levitical Priesthood?",
    "options": ["Numbers", "Leviticus", "Exodus", "Deuteronomy"],
    "correct_answer": "Leviticus"
  },
  {
    "id": 200,
    "question": "What was the name of the city where Jesus healed the blind man with spit?",
    "options": ["Nazareth", "Bethsaida", "Jericho", "Capernaum"],
    "correct_answer": "Bethsaida"
  }
]